date,activity id,type,calories burned,climb (m),duration(s),distance(m),speed(m/s)
2018-11-11 14:05:12,c9627fed-14ac-47a2-bed3-2a2630c63c15,Running,774.0,130,3520.0,10440.0,2.966666666666667
2018-11-09 15:02:35,be65818d-a801-4847-a43b-2acdf4dc70e7,Running,954.0,168,4454.0,12840.0,2.8861111111111115
2018-11-04 16:05:00,c09b2f92-f855-497c-b624-c196b3ef036c,Running,967.0,171,4515.0,13010.0,2.8805555555555555
2018-11-01 14:03:58,bc9b612d-3499-43ff-b82a-9b17b71b8a36,Running,960.0,169,4454.0,12980.0,2.9083333333333337
2018-10-27 17:01:36,972567b2-1b0e-437c-9e82-fef8078d6438,Running,967.0,170,4332.0,13020.0,2.9805555555555556
2018-10-19 17:52:32,fe2cb3fc-6330-40fa-8a92-0f86f4e72282,Running,764.0,133,3558.0,10290.0,2.891666666666667
2018-10-14 17:28:56,96acedc9-d3d5-4aac-8df4-f549a6418c1d,Running,953.0,159,4210.0,12930.0,3.0666666666666664
2018-10-12 17:41:58,3c91092b-e6f3-4565-b540-6b6537358006,Running,903.0,134,4149.0,12310.0,2.9555555555555557
2018-10-06 16:45:02,4c163abe-3a57-42fd-b50b-7f365960cbd4,Cycling,577.0,210,5186.0,19630.0,3.7861111111111114
2018-09-30 16:52:34,70c7f2ba-f4cb-4403-a9e4-bf2c9b93bb05,Running,964.0,171,4393.0,12970.0,2.922222222222222
2018-08-25 17:18:32,12723b6e-571b-4b68-be17-2c797982d3f9,Cycling,536.0,199,4271.0,19410.0,4.522222222222223
2018-08-22 18:25:22,503a12b4-9a16-4c63-bbcd-be528ae0787a,Running,334.0,60,2035.0,4380.0,2.1527777777777777
2018-08-08 18:44:59,dc1669de-2d66-4e14-a24f-ba0ed06d70a1,Running,1143.0,241,4759.0,15270.0,3.1972222222222224
2018-07-27 11:43:03,eb6a80cb-bf87-4426-bc11-9610b7b70cba,Running,893.0,180,4454.0,12710.0,2.8305555555555557
2018-07-20 08:01:51,83e5d964-2630-475d-9c17-d906ddd59eb0,Running,795.0,85,3558.0,11010.0,3.0944444444444446
2018-07-18 08:08:39,1906f2c4-e77e-4364-98f2-f4eb1d8c9960,Running,801.0,87,3341.0,11040.0,3.305555555555556
2018-07-07 16:02:30,4968a9c1-bc7a-4568-8394-815a406a6c86,Running,1261.0,266,5857.0,17850.0,3.0472222222222225
2018-06-28 12:24:25,8aa44a93-bf2a-449b-bee4-603135afec7b,Running,1261.0,260,5796.0,17950.0,3.0833333333333335
2018-06-21 18:03:18,71c6e320-9ca9-4504-9cd6-4e8636ce5018,Running,1007.0,211,4515.0,14380.0,3.1555555555555554
2018-06-18 18:17:49,874c8870-8621-4356-81fd-e309d38f714a,Running,811.0,145,3722.0,11630.0,3.0833333333333335
2018-06-16 17:29:00,b5c6d02f-8c7f-4359-8263-29a9ca658af1,Running,1057.0,243,4759.0,14950.0,3.1527777777777777
2018-06-13 18:50:49,2f10b609-c2ef-4d8d-90ad-bd49cec2c41b,Running,890.0,173,4027.0,12750.0,3.15
2018-06-11 18:23:11,784ecb1a-3614-47e1-a0ba-651f29c98f4c,Running,1101.0,209,4942.0,15740.0,3.1611111111111114
2018-06-06 18:44:29,e65e79d8-d30e-4ec1-b15e-aa7c63385dc9,Running,901.0,170,4027.0,12780.0,3.136111111111111
2018-06-03 17:21:51,7f80d0e7-d2b2-455a-99fd-baa10dabc2b7,Running,1240.0,235,5613.0,17580.0,3.1333333333333333
2018-05-30 18:48:00,568802c2-29e3-481d-abc6-a504ee825345,Running,907.0,172,4088.0,12810.0,3.1305555555555555
2018-05-23 18:13:17,75a8e0c9-98f5-4f1c-a72f-31eab419477d,Running,1078.0,208,4820.0,15590.0,3.227777777777778
2018-05-21 18:29:35,5527e00c-758e-411c-87ae-21669adcbc7c,Running,899.0,168,4027.0,12790.0,3.1777777777777776
2018-05-18 18:38:50,bfe5cada-e8c9-4e01-8a99-6baa5190d902,Running,893.0,168,3905.0,12790.0,3.238888888888889
2018-05-15 18:56:19,775b794a-fde4-485c-a200-112a5d325a27,Running,889.0,167,3905.0,12800.0,3.238888888888889
2018-05-09 18:03:20,90b07c52-c7e6-4458-a73f-7278beedde39,Running,892.0,170,4088.0,12760.0,3.1055555555555556
2018-05-05 11:43:10,daf91acd-00ea-4e13-b49b-11aba2980590,Running,1098.0,234,5430.0,15380.0,2.8194444444444446
2018-05-02 18:22:09,f99fd0ac-163d-4752-ba14-28f9f4361a63,Running,894.0,174,4027.0,12770.0,3.1305555555555555
2018-04-29 16:53:30,58da30d2-6e3c-44d2-849e-6530743419e4,Running,1061.0,245,5125.0,15000.0,2.938888888888889
2018-04-24 18:17:23,0e04a385-bc28-416d-b173-d37feb3df7c7,Running,902.0,171,4088.0,12840.0,3.111111111111111
2018-04-21 18:18:13,e870e465-ae64-405f-b05f-f3d7737b5347,Running,893.0,171,4027.0,12700.0,3.15
2018-04-18 18:16:49,f66c27e3-a1c7-45c2-baa4-d2e583522c18,Running,901.0,172,3966.0,12840.0,3.1972222222222224
2018-04-15 11:32:26,13b1f4bc-9d04-448b-9b0b-44d340c3b47c,Running,892.0,169,4027.0,12760.0,3.1277777777777778
2018-04-13 18:37:12,911b312b-cf1d-499d-bb46-cdeb31da9c9e,Running,908.0,169,4027.0,12900.0,3.1722222222222225
2018-04-11 18:17:35,5581c2b2-e254-46f8-99b0-388913baf5cf,Running,892.0,173,4027.0,12820.0,3.1805555555555554
2018-04-08 11:41:49,cfddcad3-7551-4944-b218-06b28149ac54,Running,1158.0,236,5491.0,16480.0,3.0000000000000004
2018-04-06 18:01:30,eaaf724a-d9fd-4937-8aaa-9e6445aaaad5,Running,900.0,170,4210.0,12750.0,2.9972222222222222
2018-04-03 18:43:05,dff3a1e2-ba08-4694-95dd-00acd3f1bf76,Running,582.0,135,2813.0,8320.0,2.9583333333333335
2018-03-26 18:33:12,e92b419b-61ee-45d6-9264-2f47e70f6d85,Running,841.0,202,3905.0,11820.0,3.0083333333333333
2018-03-21 18:57:05,98b6e3aa-d64a-4aa1-96e2-4b27cc428ba9,Running,458.0,116,2261.0,6400.0,2.8305555555555557
2018-03-18 18:14:45,a3e837f5-c99e-4ea1-9e51-b8a9b0a2544f,Running,738.0,188,3600.0,10360.0,2.8638888888888894
2018-03-15 18:31:35,462e7678-375e-4b97-bef4-95596625b711,Running,719.0,182,3520.0,10150.0,2.8833333333333337
2018-02-19 18:28:16,f37df89c-b59a-406a-a509-3ee09f080aa6,Running,742.0,174,3600.0,10420.0,2.8861111111111115
2018-02-15 19:11:33,dd258b46-8c3b-429a-9884-c38d29f1a77d,Running,730.0,174,3600.0,10270.0,2.838888888888889
2018-02-13 18:27:44,cd9359da-2c5b-4c41-ac83-b4c237a85701,Running,750.0,179,3661.0,10600.0,2.8805555555555555
2018-02-04 17:47:37,e8203d40-8298-4484-9380-617d6b0d3aa5,Running,713.0,175,3537.0,10080.0,2.85
2018-01-28 13:23:30,d1d36e85-9f28-4ab4-a4c2-60aea8f77490,Running,910.0,174,4393.0,13000.0,2.941666666666667
2018-01-24 18:13:26,6d853ab2-e3c3-4206-af59-e22096f1b1d5,Running,847.0,196,4210.0,11590.0,2.738888888888889
2018-01-21 11:46:12,2a24b579-7365-49da-a4e4-67c13d097e39,Running,744.0,153,3600.0,10520.0,2.875
2018-01-14 12:48:41,039df468-14d0-4fdd-8496-c9f06f5a5d47,Running,910.0,180,4332.0,13010.0,2.9805555555555556
2018-01-08 18:25:42,2e4cf2f3-0bec-47fa-8890-86883953620a,Running,769.0,182,3783.0,10640.0,2.783333333333333
2018-01-05 17:45:58,6344fc66-c0ec-47c5-bfae-c1d2b8d599c1,Running,804.0,187,3966.0,11400.0,2.8555555555555556
2018-01-02 17:41:34,04c2266b-0ff3-4789-9ebb-8e28d483a3bd,Running,815.0,190,4027.0,11510.0,2.8333333333333335
2017-12-30 17:11:53,bbfe7660-45db-4b6f-982f-11ca900db7e5,Running,841.0,192,4210.0,11690.0,2.7722222222222226
2017-12-27 18:50:24,c0706fc2-7192-4c28-b1f4-0553dc423ded,Running,622.0,131,2756.0,8290.0,3.0083333333333333
2017-12-04 18:14:41,45475dee-1fba-4bc5-bdf1-1ca458d0b20a,Running,717.0,160,3583.0,10000.0,2.791666666666667
2017-11-25 12:17:22,402c9db6-fae4-43fe-b98b-92d474872f81,Running,899.0,176,4210.0,12850.0,3.055555555555556
2017-11-22 18:21:12,bae73a36-cb24-4137-96c2-156e569cd015,Running,534.0,129,2609.0,7550.0,2.8944444444444444
2017-11-15 18:06:19,80ef1296-34ab-4880-af73-f7d9c8814b27,Running,748.0,159,3783.0,10420.0,2.7583333333333333
2017-11-09 18:39:48,3f5756f2-b3dc-4aa7-acc3-e38d7fa8e546,Running,656.0,155,3220.0,9200.0,2.8583333333333334
2017-11-05 15:48:01,b2fcf898-872d-48ea-8d29-29e11191c5cf,Running,897.0,172,4210.0,12780.0,3.0166666666666666
2017-10-28 16:07:20,88c26827-340d-4ef9-ba4e-e3fe1fdf6da4,Running,895.0,170,4271.0,12870.0,3.011111111111111
2017-10-19 18:22:10,85c4573b-109d-404a-a3ba-a0d62bdb9ffc,Running,624.0,144,3041.0,8850.0,2.9083333333333337
2017-10-16 17:09:27,4d1cf5d9-cfc2-4020-892c-2deee6d125ed,Running,1045.0,215,4942.0,14900.0,3.0166666666666666
2017-10-10 18:24:47,a734675d-6dca-437e-8bbe-0aaec901a5f2,Running,570.0,126,2602.0,8039.999999999999,3.0916666666666672
2017-10-01 17:55:38,83409eae-5b76-47b8-89f0-db1e04801fc9,Running,886.0,174,4271.0,12760.0,2.9833333333333334
2017-09-28 18:20:48,acb25a0d-251b-4d39-86cd-63d49110d02e,Running,897.0,171,4027.0,12770.0,3.1472222222222226
2017-09-25 18:39:09,685a3715-03e9-42ad-af5f-4d08ae973c14,Running,896.0,169,3966.0,12750.0,3.1833333333333336
2017-09-19 16:24:08,01fad411-6664-4cda-826c-044d3ad9e2bf,Running,1247.0,257,5979.0,17770.0,2.9722222222222223
2017-09-07 18:44:44,c95ca273-6089-4f22-9292-b22e3c0a89a1,Running,603.0,88,2672.0,8500.0,3.1805555555555554
2017-09-05 18:34:21,5fb52c7a-0331-4382-9636-b9fca42a797f,Running,896.0,127,3966.0,12770.0,3.2111111111111112
2017-08-31 18:44:27,51fb7201-2bba-4611-b2af-6530343ebc88,Running,895.0,169,3966.0,12790.0,3.1972222222222224
2017-08-29 18:36:14,e7a75592-c649-4c99-96be-ec52d555beca,Running,901.0,127,4027.0,12700.0,3.125
2017-08-17 18:36:00,3c980f93-7aa1-477c-9f90-72ca01552031,Cycling,380.0,164,2404.0,15530.0,6.458333333333334
2017-08-16 19:00:40,3522a99f-e715-4a5b-93fe-a681bdef0ea1,Running,896.0,170,4027.0,12790.0,3.15
2017-08-14 18:01:38,e3f350ab-c7fa-42dd-8ccc-22162be34ab7,Running,893.0,171,4088.0,12770.0,3.1
2017-08-10 18:28:54,7b11bced-0b12-4e02-9717-09587f4c715f,Running,596.0,86,2628.0,8430.0,3.2055555555555553
2017-08-08 18:39:14,d5f7dd47-f709-437c-ac71-30e87ce7e7ab,Running,849.0,121,3577.0,12560.0,3.5111111111111115
2017-08-01 18:39:42,f116bf61-c409-448a-b80d-35de131c5afd,Running,589.0,83,2570.0,8400.0,3.2694444444444444
2017-07-19 18:50:31,ebe894be-7567-4b56-91ab-164554e20357,Running,891.0,170,4088.0,12800.0,3.1333333333333333
2017-07-10 18:26:02,8087a508-a36b-4bbd-bca3-cb458f855e9c,Running,880.0,124,3844.0,12600.0,3.2444444444444445
2017-07-05 18:53:40,2301d707-d4e3-461d-b6af-5ffff1b77dbf,Running,875.0,173,4027.0,12780.0,3.1388888888888893
2017-07-02 18:34:53,67d8bff0-657c-46ce-aa3a-4c6533e2f883,Running,714.0,130,3485.0,10250.0,2.941666666666667
2017-07-02 17:15:47,f6e2f233-cf73-4d68-9938-52231df7c56a,Running,938.0,248,4576.0,13390.0,2.922222222222222
2017-06-28 18:24:55,242d25a7-3f50-4e56-a351-59cbcf3f25fc,Running,883.0,171,4027.0,12700.0,3.1472222222222226
2017-06-21 18:42:29,1a03076f-c730-4d45-8415-b0fe189cc672,Running,885.0,175,4149.0,12720.0,3.055555555555556
2017-06-17 10:13:45,d4fccef8-c615-43a8-bf27-fa75bb200d13,Running,1048.0,247,5125.0,14870.0,2.891666666666667
2017-06-15 18:54:32,86cdd8ff-11c5-4c6a-b221-3e65a88cc136,Running,901.0,128,3966.0,12800.0,3.2194444444444446
2017-06-12 18:25:58,ba13aabc-d722-4803-9c1f-4e5043ecced6,Running,893.0,128,3905.0,12670.0,3.202777777777778
2017-06-01 19:00:16,7937624f-091c-4ba4-933f-15c22bf65c4a,Running,612.0,88,2728.0,8650.0,3.1694444444444447
2017-05-30 18:19:20,58569994-61c8-400c-a647-114e161ff8df,Running,584.0,85,2568.0,8420.0,3.277777777777778
2017-05-24 18:23:30,719a8602-3d87-471a-b74b-0621ea4c813d,Running,892.0,171,4149.0,12740.0,3.0416666666666665
2017-05-17 18:18:34,f53266a4-2f39-4c18-ad50-6fd60ab34285,Running,1000.0,128,4210.0,13820.0,3.2444444444444445
2017-05-15 18:25:55,8eef0492-ce75-4cd5-8de5-f94bb69ef4dc,Running,1177.0,167,5064.0,16830.0,3.3083333333333336
2017-05-10 18:40:04,0edf90b1-2417-413a-96b6-368d01df8677,Running,595.0,87,2604.0,8530.0,3.275
2017-05-03 18:32:01,f5dd15c6-ffbd-48e5-aa1c-3777ed5a97c7,Running,865.0,125,3844.0,12430.0,3.233333333333334
2017-05-01 17:38:35,9a5c1022-08f3-4c9b-9cc5-492d4d7178f9,Cycling,491.0,204,3269.0,20190.0,6.177777777777778
2017-04-25 18:44:32,51eb30dc-bc11-4296-bb7d-d40c83c60319,Running,606.0,86,2686.0,8680.0,3.230555555555556
2017-04-17 16:20:08,51ab838c-9266-436d-b26a-eb6b0d7c0fa5,Running,1060.0,222,4881.0,15000.0,3.0833333333333335
2017-04-13 19:04:16,48ea0a3a-4a02-4ee9-b310-8a367fd4e59d,Running,603.0,88,2781.0,8580.0,3.0833333333333335
2017-04-10 18:46:56,7263bbb0-934f-47a7-9d9e-f0a0816286be,Running,908.999999476416,122,4027.0,12720.0,3.1611111111111114
2017-04-06 19:07:46,344ece5a-187e-418e-9287-0e8a11a07643,Running,594.99999965728,87,2544.0,8650.0,3.402777777777778
2017-04-04 18:31:11,6b2ca811-ca43-42ed-9b08-8752d2ddac50,Running,612.999999646912,89,2758.0,8610.0,3.1222222222222222
2017-04-01 16:56:53,410ddb93-7109-4248-9ca6-86da1fdd311b,Running,955.999999449344,196,4454.0,13530.0,3.0166666666666666
2017-03-30 19:06:29,9a3ec53a-d6f2-4ba7-87e1-085edf2a8064,Running,606.999999650368,90,2813.0,8480.0,3.013888888888889
2017-03-28 19:13:23,0b6616e6-be34-4950-b04e-11f0deeca9ab,Running,611.999999647488,88,2724.0,8650.0,3.1750000000000003
2017-03-26 17:10:40,2c90030a-14cb-46e6-8152-646bccabe3b5,Running,1062.0,149,4881.0,14620.0,2.9750000000000005
2017-03-20 18:44:13,f7461f26-c148-430d-be37-c1ede0e57ec5,Running,1017.99999941363,99,4698.0,14420.0,3.055555555555556
2017-03-16 18:21:05,02eff545-2173-439c-afc3-d446e5802528,Running,489.9999997177599,67,2178.0,6800.0,3.1222222222222222
2017-03-13 18:34:11,a286c0fa-6876-491b-854a-c6d8813b4237,Running,839.99999951616,113,4027.0,12060.0,2.9916666666666667
2017-03-09 18:20:43,cfdbf8c5-6f66-4de4-af0b-afc5f5a8ab28,Running,675.9999996106241,81,3268.0,9520.0,2.913888888888889
2017-02-27 18:57:30,853911d0-7a12-456d-8e72-974a8e3782e5,Running,790.999999544384,102,3566.0,11020.0,3.088888888888889
2017-02-23 18:39:15,97b7530f-7db6-421e-95a4-6055cf6834df,Running,617.999999644032,85,3057.0,8800.0,2.8805555555555555
2017-02-21 19:16:07,37a6dd24-87a6-4ec7-8df2-bed0faddf4c8,Running,521.999999699328,82,2480.0,7400.0,2.986111111111111
2017-02-13 18:42:55,a95379e3-8981-4309-9c3e-3f4397bf432d,Running,691.9999996014079,78,3379.0,9780.0,2.8944444444444444
2017-02-06 18:45:01,a3b20f84-2a41-4d82-ba64-ba5ae415d5a1,Running,716.999999587008,76,3503.0,9790.0,2.7972222222222225
2017-01-30 18:43:33,dcf483e9-421e-42b6-b116-884c794f5366,Running,496.999999713728,66,2248.0,6980.0,3.1055555555555556
2017-01-26 18:47:36,d61065b6-749d-46bf-a680-6ebb7067620c,Running,585.999999662464,74,2670.0,8300.0,3.1083333333333334
2017-01-23 18:39:10,9a35d26a-e947-4374-b411-a28c07f0b153,Running,849.9999995103999,100,4027.0,11980.0,2.9444444444444446
2017-01-19 18:10:00,e3e565d9-b63b-4a12-9704-b3daef064784,Running,517.999999701632,51,2496.0,7430.0,2.9777777777777783
2017-01-16 18:04:30,5847c202-4eb8-4416-b641-530232791775,Running,849.9999995103999,99,4088.0,12150.0,2.9555555555555557
2017-01-12 18:19:37,1a0c5ffe-b6ef-4c05-8126-acd92ab1b5a6,Running,859.9999995046401,100,4088.0,12000.0,2.9361111111111113
2017-01-05 18:15:10,e6f58116-e2c7-4f3a-848e-0529635f8bb3,Running,492.9999997160321,68,2382.0,7020.0,2.9472222222222224
2017-01-03 18:26:07,2e8b8cba-c1b5-4837-a124-9b8a30cc5ff9,Running,699.9999995968,93,3447.0,10050.0,2.913888888888889
2016-12-29 19:08:37,85115e40-2460-4043-ab77-9c48ad4e1aa3,Running,490.999999717184,67,2388.0,7000.0,2.930555555555556
2016-12-26 18:37:08,8f84f8fd-d26f-46d9-91bc-9ee4ddb6b2a8,Running,478.999999724096,67,2382.0,6920.0,2.9027777777777777
2016-12-22 18:43:38,94105764-bf26-4123-b199-f4efef9c9959,Running,481.999999722368,64,2308.0,6900.0,2.988888888888889
2016-12-15 18:53:07,ad7aec27-c204-403a-aa08-5f4068d5b239,Running,486.999999719488,67,2264.0,6850.0,3.027777777777778
2016-12-06 18:36:37,159d92f4-c96b-43ea-88a3-8f1060d170ed,Running,499.999999712,49,2494.0,6990.0,2.8000000000000003
2016-12-01 18:39:39,5671ace7-1b97-4466-b4a3-e89a40588690,Running,478.999999724096,66,2373.0,6960.0,2.9333333333333336
2016-11-28 18:46:07,f603036c-01a9-40dd-ae80-101e70056810,Running,708.9999995916161,95,3461.0,10130.0,2.9277777777777776
2016-11-24 18:50:24,1bfdff30-6f7f-4428-9316-3b6289bd57f3,Running,470.999999728704,65,2161.0,6730.0,3.1138888888888894
2016-11-21 18:57:32,dcb51374-c574-4fac-8f30-d2f2080368eb,Running,703.999999594496,96,3405.0,10050.0,2.952777777777778
2016-11-17 18:52:21,56571fdf-a69d-4662-87f2-0a0cc0621d4e,Running,493.999999715456,67,2432.0,6950.0,2.8555555555555556
2016-11-15 18:27:55,89e8ac21-0c79-4251-9d0b-ddef7c7cb0f3,Running,491.999999716608,66,2444.0,6940.0,2.838888888888889
2016-11-10 18:31:03,e29a6eb4-cd05-4dab-ac97-39ee3ecf0555,Running,483.999999721216,67,2403.0,6830.0,2.838888888888889
2016-11-03 18:17:35,912e75d6-3060-44c9-b67a-b2510b1fad32,Running,482.999999721792,64,2278.0,6770.0,2.9722222222222223
2016-10-31 19:34:32,86ea4944-dc1b-4cc9-8e20-eb3a0267e3ff,Running,700.999999596224,109,3396.0,10150.0,2.988888888888889
2016-10-27 19:17:55,f7222eab-f4cf-4f15-ab3e-fb6a723b1294,Running,477.999999724672,75,2097.0,6840.0,3.263888888888889
2016-10-24 18:38:31,7d043cea-6c58-4e18-8d31-6ac3f1deb2a8,Running,703.999999594496,92,3505.0,10150.0,2.8944444444444444
2016-10-20 18:57:48,772cc020-ef53-429b-9ae7-43e8cc474d86,Running,715.999999587584,89,3385.0,10190.0,3.0083333333333333
2016-10-17 18:39:56,605ee6a1-3eba-4b09-8528-66f0a34368d5,Running,712.999999589312,92,3356.0,10020.0,2.986111111111111
2016-10-15 17:14:34,467ce511-b823-4bf8-a6b8-3de45da696b9,Running,942.999999456832,182,4454.0,13490.0,3.030555555555556
2016-10-12 17:50:31,0762a080-72c1-4316-9af3-520de54776dd,Running,700.0,57,3132.0,9770.0,3.116666666666667
2016-10-03 11:47:16,d7f518d9-57aa-4c3f-b5d1-a3f758155737,Cycling,606.0,301,4332.0,23620.0,5.416666666666667
2016-10-02 16:36:05,f9df1129-32bf-4ff8-93fa-8e2617617c37,Running,945.999999455104,184,4332.0,13430.0,3.0944444444444446
2016-09-27 18:11:27,e47410e1-1a6c-428f-a03d-7f5c86a1e6e7,Running,496.0,49,1967.0,6880.0,3.4972222222222222
2016-09-22 18:52:22,1454fad1-9940-448a-82fb-8ae9f3bf05e5,Running,493.999999715456,63,2234.0,6960.0,3.116666666666667
2016-09-20 18:42:40,b6743512-8841-4278-9f54-8028ca96eae6,Running,712.999999589312,89,3201.0,10030.0,3.1333333333333333
2016-09-15 18:38:53,27a3ae81-deee-44f8-97ce-da1ed9d11ab6,Running,673.9999996117759,91,2875.0,10000.0,3.477777777777778
2016-09-12 18:23:04,76fd4f11-78e0-4c31-a25f-4933c9163901,Running,916.999999471808,116,4210.0,13080.0,3.088888888888889
2016-09-10 17:13:51,be77ab12-11b2-4604-828d-6ac7ee0b6c50,Cycling,328.0,163,1967.0,13110.0,6.663888888888889
2016-09-08 18:19:56,8a409a09-8312-448c-b513-ea63a18cbca1,Running,905.999999478144,110,3844.0,13120.0,3.3805555555555555
2016-09-04 17:08:28,cc9e2d95-fc5d-4633-9801-a6a92df8eebe,Cycling,342.0,184,2443.0,13640.0,5.580555555555556
2016-09-03 17:28:11,9697ecb1-cfe8-454c-86c6-1def815159b2,Running,948.999999453376,184,4637.0,13500.0,2.8944444444444444
2016-08-31 18:33:50,d2e170c7-70e0-430c-ad0a-185fc87a4dae,Running,898.999999482176,107,3844.0,13060.0,3.394444444444445
2016-08-28 18:00:16,3054ec70-ce18-45a0-aaa3-badaa9d89711,Running,834.9999995190401,172,4027.0,12050.0,2.988888888888889
2016-08-27 17:08:38,e3fc3373-0a83-4dba-8042-7eca0b3cf676,Cycling,623.0,307,4088.0,24670.0,5.969444444444444
2016-08-24 17:26:00,81b6ef5d-8f11-4c2f-966d-d253706aa921,Running,897.9999994827521,181,4271.0,13250.0,3.0694444444444446
2016-08-22 18:14:48,ee6099f2-aa7e-4607-9934-829a12fd5224,Running,716.0,58,3080.0,10060.0,3.2666666666666666
2016-08-19 16:57:41,454b61da-b805-4a17-9a46-940c3607e8ee,Running,904.99999947872,185,4454.0,13430.0,3.0083333333333333
2016-08-17 17:17:09,af644132-ea3f-4770-a8d3-703c17d6c858,Cycling,533.0,316,4942.0,21820.0,4.405555555555556
2016-08-01 17:40:40,513f1448-16e1-4cc3-8f1f-71c02809d8c2,Running,997.999999425152,213,4820.0,14320.0,2.9611111111111112
2016-07-18 18:28:47,d937fa3d-ace4-4083-abaa-ce450bf92ea9,Running,682.999999606592,92,3049.0,10010.0,3.2833333333333337
2016-07-12 18:20:28,d1b3933f-2b58-4158-b2e7-b2385682da43,Running,696.0,52,3045.0,9710.0,3.1861111111111113
2016-07-04 18:24:46,b8d35359-b7ee-4270-bd59-0b108b86bafd,Running,1139.99999934336,146,5308.0,16460.0,3.0861111111111112
2016-07-02 17:52:07,04a5969e-40b1-45de-a8f4-79745c556c59,Running,933.999999462016,189,4698.0,13550.0,2.8944444444444444
2016-06-27 18:40:44,20ef6c75-37e5-48cc-ab4a-934347347632,Running,903.999999479296,180,4332.0,13280.0,3.0444444444444447
2016-06-25 17:02:44,c306e91d-482d-40b4-96f6-c6f2117eaab4,Running,917.999999471232,226,4576.0,13220.0,2.875
2016-06-23 18:29:58,7bedfff1-e270-4ca6-9b34-61f3fc016487,Running,719.0,60,3095.0,10020.0,3.236111111111111
2016-06-14 18:40:51,86208dc5-01ec-4383-8284-89afd17ff565,Running,904.99999947872,119,4088.0,13210.0,3.2111111111111112
2016-06-05 17:10:29,adb38948-116e-4000-9598-877aa7b718da,Running,1073.99999938138,254,5430.0,15520.0,2.8555555555555556
2016-06-02 18:43:44,7d056151-5c10-44c8-ad58-43bf7e1e6fe6,Running,910.999999475264,117,4149.0,13240.0,3.1944444444444446
2016-05-30 18:51:32,69ba4306-6177-4ef1-b3c6-cea3e9700116,Running,685.999999604864,91,3122.0,10030.0,3.213888888888889
2016-05-26 18:30:37,e6a0852a-16ff-446c-b522-21c9489c07b7,Running,892.999999485632,145,4088.0,12880.0,3.144444444444445
2016-05-23 18:26:58,bf304a1c-a01b-4ceb-9559-bde274612398,Running,720.0,64,3085.0,10020.0,3.2444444444444445
2016-05-19 18:54:07,fc27d591-a215-4c9b-b30d-22dc38a9293e,Running,701.9999995956481,99,3300.0,10140.0,3.0722222222222224
2016-05-09 16:46:49,6efb6c1b-fcb4-449c-be9b-6c70d6d0acab,Running,920.999999469504,181,4515.0,13500.0,2.9972222222222222
2016-04-24 17:16:01,3c60a550-2443-4986-b9b8-666f29b2b367,Running,902.999999479872,185,4576.0,12850.0,2.783333333333333
2016-04-17 16:20:56,5fe9a80e-d885-426e-816e-2d7aca6844ec,Running,927.999999465472,180,4637.0,13470.0,2.8805555555555555
2016-04-11 18:25:11,f5856eb2-a21b-4796-9b0c-b581bfb0f777,Running,615.9999996451841,83,2820.0,8880.0,3.15
2016-04-07 18:50:38,f260fb9a-5017-40e2-af1d-77ff22e3c5f6,Running,684.99999960544,92,3075.0,10000.0,3.252777777777778
2016-04-03 16:27:37,30839785-9325-435a-97d2-219039984113,Running,705.999999593344,143,3539.0,10300.0,2.9083333333333337
2016-03-28 16:12:15,bd2a55a4-2553-4007-808d-5456de4482c6,Running,1084.99999937504,258,5552.0,15620.0,2.816666666666667
2016-03-21 18:51:35,63c7f05c-2285-489e-ae1e-af1b7ecce87c,Running,625.999999639424,85,3085.0,9100.0,2.9499999999999997
2016-03-13 13:02:38,c1105c54-b975-486c-8606-9e0a80994541,Running,511.999999705088,111,2606.0,7190.0,2.7583333333333333
2016-03-07 13:23:44,375d191f-2d90-4781-8223-a2a8146ca445,Running,995.0,141,4820.0,13690.0,2.827777777777778
2016-02-28 13:37:46,37908beb-2ae0-41e7-9554-3662d9beefec,Running,941.999999457408,183,4759.0,13480.0,2.827777777777778
2016-02-21 15:48:48,ba4a23cd-25ef-43ea-84c4-fb8c3c1e3b57,Running,997.0,144,4942.0,13690.0,2.769444444444445
2016-02-18 19:09:01,6b831381-6425-4a66-ada4-7f57f013ea05,Running,472.9999997275521,67,2365.0,6920.0,2.9277777777777776
2016-02-15 18:37:04,c41ee42c-c911-4367-8594-e86cffbec427,Running,702.999999595072,92,3600.0,10020.0,2.7777777777777777
2016-02-08 18:09:03,09404e9f-88f0-4a78-8df8-e7a51c5246e0,Running,488.999999718336,68,2478.0,6810.0,2.7472222222222227
2016-02-04 18:46:32,baed89f0-0754-4b54-a5cb-7959c39459c0,Running,477.999999724672,67,2402.0,6840.0,2.8472222222222223
2016-01-14 18:40:08,f5f333b1-3453-4555-aafd-d19923d0b84e,Running,486.999999719488,70,2478.0,7000.0,2.825
2015-12-27 13:14:59,7c59b1da-9dfd-43df-8170-a0bc4ad2bdb6,Running,921.999999468928,185,4576.0,13530.0,2.9361111111111113
2015-12-23 18:45:03,49f7059a-97c3-499e-9f42-85df1506aa90,Running,692.9999996008321,95,3542.0,10120.0,2.8583333333333334
2015-12-21 18:31:25,620a65d8-185f-40f4-8967-9ce068f02269,Running,686.9999996042881,91,3475.0,10020.0,2.8833333333333337
2015-12-06 12:54:29,2c3636ee-cb13-4f41-80c7-2373427859ac,Running,1009.0,146,4698.0,13770.0,2.938888888888889
2015-11-17 18:37:11,5996f583-c53c-4ef3-867e-76db1c54dd6d,Running,687.999999603712,93,3512.0,10000.0,2.8472222222222223
2015-11-09 18:21:31,df774be0-d4a3-4104-a9e4-ee120e17bcba,Running,658.999999620416,89,3301.0,9720.0,2.9444444444444446
2015-11-02 18:23:37,bd307ec2-4c6d-4be5-b7d1-d15fb11a7b9d,Running,455.999999737344,62,2175.0,6600.0,3.0333333333333337
2015-10-18 15:43:06,340e4fd4-6817-4a03-b1af-7c2deb9768ae,Cycling,427.0,166,4088.0,16670.0,4.038888888888889
2015-09-24 18:28:14,949d5983-73ea-4a25-a589-87e0280b1b8e,Running,649.9999996256,77,3076.0,9430.0,3.0638888888888887
2015-09-21 18:13:10,fc1187a9-6b18-4f14-b37a-ecb82a51e9d6,Running,635.9999996336641,83,2816.0,9650.0,3.4250000000000003
2015-09-09 18:37:26,1977cad0-afd4-450c-9355-8aeabae10a7c,Running,1101.99999936525,132,5064.0,15880.0,3.1472222222222226
2015-09-07 18:47:06,e005376b-b79c-45de-8b2e-a924dd9aa3d8,Running,1069.99999938368,241,4942.0,15620.0,3.144444444444445
2015-09-03 18:49:40,773f4ab1-e42e-4acb-b9ee-3e21f2283849,Running,653.9999996232959,85,3201.0,9550.0,2.9833333333333334
2015-08-23 17:35:47,9f29e8bd-7885-43f5-bc86-fae947a5ab8a,Cycling,786.0,336,5552.0,35090.0,6.28888888888889
2015-08-21 18:18:37,2909eefe-b2da-4fa1-9136-1b273cf0b70e,Running,853.999999508096,102,4088.0,12480.0,3.036111111111111
2015-08-15 18:46:21,318bf8f5-6344-4f1e-8fb8-f52d7a38ebc1,Cycling,313.0,139,2319.0,13720.0,5.916666666666667
2015-08-03 18:30:49,b1a19f5a-4cb7-479a-b8bc-60e3fb62f218,Running,1298.99999925178,156,5918.0,18950.0,3.213888888888889
2015-08-01 18:40:14,fad4d129-7045-41f5-ad01-7043d9c5db12,Cycling,430.0,195,3401.0,18790.0,5.522222222222222
2015-07-29 18:14:34,47192c06-cc2b-4112-92a1-0c53f5afc344,Running,53.999999968896,6,315.0,760.0,2.408333333333333
2015-07-24 18:49:43,0998a635-1166-4d12-b143-56a922e05fd2,Running,858.0,108,3905.0,12690.0,3.2416666666666667
2015-07-21 18:22:38,0a903a48-5c63-461d-bddc-303e6c1e935f,Running,867.999999500032,109,4088.0,12660.0,3.0972222222222223
2015-07-16 18:32:18,ae62b3b8-f681-49b7-a7bf-464934bc9e33,Running,628.0,77,2728.0,9570.0,3.5083333333333337
2015-07-14 18:39:53,7d04c79d-fa1c-43d1-8786-1cffe6abbc5e,Running,852.0,108,3844.0,12660.0,3.2583333333333337
2015-07-10 18:35:16,17d24474-bead-48b6-b215-8f9a09f0e13d,Running,1279.0,156,5674.0,19020.0,3.369444444444445
2015-07-07 18:39:38,cb393e1d-af41-4f89-a810-3e4963d307ee,Running,650.0,88,2939.0,9550.0,3.25
2015-07-01 18:16:02,3a85bdfa-776d-4282-b2c2-c36ca414a04e,Running,1268.0,154,5674.0,18830.0,3.319444444444444
2015-06-24 18:27:23,f27bbf5b-e534-4328-b053-70a1f7fd3195,Running,766.0,162,3783.0,11140.0,2.913888888888889
2015-06-21 17:53:46,ee566558-df2c-4874-8470-4c96bc16e11b,Cycling,751.0,318,5735.0,34490.0,6.008333333333334
2015-06-17 18:39:44,744827f5-674f-4ec6-9ffe-82866f2b021e,Running,859.0,109,4027.0,12610.0,3.102777777777778
2015-06-15 18:27:00,c089d063-ac9b-4931-af17-3b6329f5954a,Running,926.0,107,3722.0,12640.0,3.3833333333333333
2015-06-14 17:03:23,bf89325d-987a-4421-903f-eba2022ec226,Cycling,621.0,294,4820.0,28490.0,5.877777777777778
2015-06-12 18:27:52,92d68e43-b394-4a2e-be6a-49074f30a793,Running,855.0,107,3722.0,12630.0,3.3777777777777778
2015-06-10 18:14:03,791454fb-a749-47c1-9913-f72aeb7fe000,Running,986.0,226,4881.0,14350.0,2.9499999999999997
2015-06-08 18:18:18,d77c5897-a8f2-41a0-82d4-210315a0b17c,Running,626.0,85,2685.0,9600.0,3.577777777777778
2015-06-07 16:51:14,4ca793f5-809f-4659-98a4-01bbd63f8d07,Running,876.0,193,4393.0,13010.0,2.966666666666667
2015-06-06 18:30:39,04538557-0367-48ee-bcfd-e6c0a16568a8,Cycling,510.0,123,4759.0,18960.0,3.9972222222222227
2015-06-04 18:15:45,5fe00119-e51b-48c6-a3e3-f6d75374df67,Running,1097.0,135,5003.0,15970.0,3.1944444444444446
2015-06-01 17:40:42,d2ec6e32-2140-4860-ac6b-3eb7b5923e44,Running,810.0,180,3844.0,11850.0,3.0500000000000003
2015-05-29 18:45:22,748d5149-2314-4bd0-8528-59d7e7ffee1d,Running,636.0,84,2782.0,9730.0,3.4972222222222222
2015-05-27 18:19:22,9ef5388f-c3af-4bd0-8c4c-437f1255eb99,Running,859.0,108,3783.0,12800.0,3.3472222222222228
2015-05-23 19:07:40,b685d6f3-056b-49a7-9599-8aa7a4a0248e,Cycling,332.0,144,2586.0,13650.0,5.277777777777778
2015-05-21 18:45:51,98e685ee-8f60-49ef-93e5-028ce01520ba,Running,624.0,82,2719.0,9540.0,3.5111111111111115
2015-05-19 18:48:36,21c55ade-208e-4525-893f-07b152dd7799,Running,859.0,109,3722.0,12730.0,3.394444444444445
2015-05-17 17:33:15,396f0254-c9ca-4ac5-bf6d-e176f6e5a2a1,Running,642.0,85,2907.0,9640.0,3.316666666666667
2015-05-13 18:39:34,edd6a664-91fa-4978-9a3d-a9a9e97da0cb,Running,875.0,108,4149.0,12710.0,3.0583333333333336
2015-05-11 18:39:02,54793068-82e4-4c34-9be0-c50c8067d195,Running,653.0,91,2918.0,9610.0,3.2944444444444443
2015-05-06 18:18:49,295df484-190b-4ca4-a39f-99d3793cbcff,Running,880.0,107,4027.0,12830.0,3.1833333333333336
2015-05-02 18:48:03,993ca426-7e01-48eb-9b50-1bc32ee4a239,Running,509.0,162,2591.0,7390.0,2.852777777777778
2015-05-01 18:05:38,7bd07c52-14d5-4c06-98aa-1b84e0a14127,Cycling,282.0,132,2559.0,11410.0,4.461111111111111
2015-04-23 18:48:37,9a7a2e67-0935-444c-967f-da900632f1d5,Running,493.0,81,2252.0,6870.0,3.0472222222222225
2015-04-15 18:38:43,bb763b6b-6395-4684-b53f-5e671822f748,Running,869.0,110,3905.0,12680.0,3.2111111111111112
2015-04-07 18:33:21,32025da2-62c6-48d4-8ae7-3b2c72170928,Running,1090.0,135,4942.0,15790.0,3.1833333333333336
2015-04-02 18:50:23,e25f6a16-dad0-46b0-9bfb-1f1dcaa2b329,Running,873.0,106,3966.0,12830.0,3.216666666666667
2015-03-30 18:10:03,d6b9e271-eaaa-4d22-ad7d-518fee325c62,Running,395.0,50,1812.0,5730.0,3.158333333333333
2015-03-25 18:40:19,ba09e7d3-8123-4307-b3d9-17f9d93d95ee,Running,660.0,84,3312.0,9730.0,2.938888888888889
2015-03-16 18:23:38,760c4a61-d435-47ca-a787-005202a803df,Running,1118.0,133,5186.0,16149.999999999998,3.1083333333333334
2015-03-11 18:21:26,b40900ba-56b7-45cf-b8cf-73f70f43fa19,Running,1082.0,136,5308.0,15910.0,3.0000000000000004
2015-03-06 18:44:58,b7397558-85ae-4da5-9405-e36ccf729442,Running,868.0,106,3966.0,12810.0,3.230555555555556
2015-03-04 19:00:17,029102b9-7b7d-40f9-a78d-4f42b9c618e2,Running,691.0,90,3507.0,10250.0,2.922222222222222
2015-03-02 18:15:36,c5cf3852-76aa-44f0-bd03-eacb5ecd20e9,Running,1079.0,128,5491.0,15990.0,2.905555555555556
2015-02-28 09:11:09,85adaf46-27e4-4ec3-a86f-1129e21e5f38,Running,238.0,33,1219.0,3500.0,2.8722222222222222
2015-02-25 18:18:41,bc2a7d16-5d71-4f3f-8534-7ac87e0010a6,Running,661.0,87,3248.0,9780.0,3.011111111111111
2015-02-23 18:14:09,3f3231db-0394-4c84-811e-116c9d12a6c6,Running,883.0,105,4210.0,12840.0,3.0222222222222226
2015-02-17 18:34:53,c8ac7ae5-1a85-4057-813b-29d1bf7a2c54,Running,707.0,60,3353.0,9860.0,2.938888888888889
2015-02-12 18:22:44,2c5f4777-b55a-43b2-82f3-d633c19bbdc8,Running,485.0,42,2185.0,6750.0,3.088888888888889
2015-02-09 18:40:18,b76fc1f0-9f7d-49d0-a99f-d7305ba859c2,Running,723.208399932435,61,3322.0,9940.0,2.9916666666666667
2015-02-04 18:31:10,40d23e37-2a9f-4956-900c-23bb1f721ce5,Running,652.0,59,3310.0,10230.0,3.088888888888889
2015-02-02 18:31:00,9cb617f8-0380-47c0-8c73-08f699684c24,Running,725.2215765028999,259,3537.0,9910.0,2.8000000000000003
2015-01-31 09:30:04,cdd5299e-788a-4eba-afb0-99eb7ee1a2d0,Running,436.0,37,2401.0,6550.0,2.7305555555555556
2015-01-28 18:43:29,22b8c0e9-c1f2-49ac-8fa2-aaa44e183d54,Running,726.17670389112,61,3313.0,10020.0,3.0250000000000004
2015-01-26 18:30:18,ae5b3a84-3ea6-455c-a941-d010153f9a4e,Running,960.696640142744,76,4454.0,13110.0,2.930555555555556
2015-01-14 17:50:00,52dc197c-1cb1-4cb2-b1a5-d514b42a206e,Running,654.0,51,3165.0,9780.0,3.088888888888889
2015-01-12 18:20:00,27a1e74e-531f-42b5-90fc-a0b12de12031,Running,655.0,51,3105.0,9780.0,3.15
2015-01-03 17:20:00,51b58a2c-c40f-4eaa-9e10-dd600b4fba4f,Running,654.0,51,3165.0,9780.0,3.088888888888889
2014-12-26 17:50:00,14766461-48ab-47cc-8039-0930953e02f6,Running,655.0,51,2985.0,9780.0,3.275
2014-12-24 18:18:00,41b6ea5b-d428-4cc1-a27d-e0de92b2ec9c,Running,461.0,33,1920.0,6590.0,3.430555555555556
2014-12-08 16:18:00,48eebce4-1d5f-4700-856d-754f24292b2e,Running,431.0,33,1920.0,6630.0,3.4555555555555557
2014-12-03 18:18:00,c61a98ea-d68f-4604-a35b-d5d42235250b,Running,431.0,33,1920.0,6630.0,3.4555555555555557
2014-12-01 18:18:00,6a6d8b25-79d0-4ceb-8f89-8ed7688f80dd,Running,429.0,33,1920.0,6630.0,3.4555555555555557
2014-11-25 17:50:00,d6574cc9-2e03-4d1c-a0f8-e3fe8090e8c5,Running,655.0,51,3105.0,9780.0,3.15
2014-11-19 18:18:00,04dd1189-d5cb-4ce2-ba31-0189ad5f673a,Running,446.0,33,1860.0,6220.0,3.341666666666667
2014-11-11 15:50:00,5dd88a5b-a923-4d7b-81fc-ffcb94473cc6,Running,655.0,51,2985.0,9780.0,3.275
2014-11-04 18:18:00,5a5804c3-ea87-4b47-92bb-c0f8e9f67419,Running,445.0,33,1920.0,6220.0,3.238888888888889
2014-10-30 17:50:00,99a90af9-50d0-46e0-aa9d-98d57fac335b,Running,658.0,51,2985.0,9780.0,3.275
2014-10-27 18:30:00,1e0bd31f-8aa0-4c22-9192-2bf32089855e,Running,888.0,67,3905.0,12980.0,3.2916666666666665
2014-10-22 17:50:00,628b90a0-6cae-4dfe-9981-416e85fa5477,Running,670.0,54,2985.0,9610.0,3.2194444444444446
2014-10-20 18:10:00,bc53fc84-3a38-4dca-bfb9-0fa3548ec398,Running,672.0,54,3077.0,9610.0,3.125
2014-10-14 18:10:00,26ce3134-3ff1-4546-9f1b-bcc3ff528e89,Running,913.0,70,3722.0,12820.0,3.4055555555555554
2014-10-09 18:10:00,df510a68-0447-4ca6-ade8-d558cd700e76,Running,677.0,54,3137.0,9610.0,3.0638888888888887
2014-10-07 19:10:00,85a66cf6-c96c-49dd-b8a0-23b56b771ff7,Running,679.0,54,2957.0,9610.0,3.25
2014-09-23 18:10:00,37280fb2-6f9d-434b-a96e-7a55bc762680,Running,921.0,70,3722.0,12820.0,3.4055555555555554
2014-09-15 18:30:00,a2306eac-c313-4abd-a653-e62bb74f9e3b,Running,684.0,51,2934.0,9550.0,3.255555555555556
2014-09-11 19:10:00,46be3354-011e-4fc3-8b54-3b78e4f9ea2c,Running,682.0,54,2902.0,9610.0,3.313888888888889
2014-09-04 18:55:54,1c1779d8-5020-4bb9-b0ad-1e1f886afd46,Running,690.0,54,3022.0,9610.0,3.1805555555555554
2014-09-01 18:46:00,4e983ab7-2e8d-4c1f-8e08-268304b395e6,Running,1125.0,110,5003.0,15590.0,3.1055555555555556
2014-08-29 18:56:02,800c94a1-551e-408e-8282-ae9bb8d3ddd3,Cycling,519.0,113,3600.0,20700.0,5.691666666666666
2014-08-28 18:10:00,9642232e-00a5-4e7d-8a92-a8766a7b5b01,Running,920.0,70,3905.0,12820.0,3.25
2014-08-26 18:16:03,1cdfd12b-09c4-4b95-a0da-45b53b8129ac,Running,1151.0,89,4881.0,16059.999999999998,3.277777777777778
2014-08-21 18:49:00,8f3de547-78e3-4d6c-a467-1705d536129b,Running,684.0,51,3234.0,9550.0,2.952777777777778
2014-08-18 18:37:00,5284fd7d-9fde-46b7-9f63-c0645dfa07ef,Running,920.0,70,3905.0,12820.0,3.25
2014-08-12 18:50:00,b4f32f79-e995-4610-b584-932134dac4c4,Running,684.0,51,3234.0,9550.0,2.952777777777778
2014-08-08 08:00:16,f9fe4f45-6f49-4b73-8336-c98413b25ac5,Running,703.0,62,3020.0,9820.0,3.25
2014-07-25 18:35:00,779e140d-38cb-49e5-b340-ee0db1b9a3eb,Running,925.0,83,3905.0,13170.0,3.369444444444445
2014-07-22 18:08:00,3faa84dd-552a-46b5-a2c8-b0a87123be2a,Running,889.0,71,3581.0,12750.0,3.5583333333333336
2014-07-17 18:30:00,e89d7bfb-2e0d-4274-987f-eaa56f06e1e2,Running,684.0,51,3234.0,9550.0,2.952777777777778
2014-07-10 18:45:00,47833e3a-1049-4fc9-97f1-e3a41cf1a722,Running,884.0,71,3600.0,12750.0,3.5
2014-07-02 18:31:00,0fcef878-d446-45cf-aec2-61bd86740501,Running,888.0,71,3722.0,12750.0,3.388888888888889
2014-06-24 18:12:00,93c308f7-14b5-4f27-b030-7d44e223cd54,Running,1145.0,85,4881.0,16210.0,3.302777777777778
2014-06-18 18:29:00,1da0fc26-5121-4528-a25d-be8e6897b047,Running,1145.0,85,4881.0,16210.0,3.302777777777778
2014-06-11 18:08:00,8a7f85e2-f89f-4fed-93c3-a5c50779d32f,Running,895.0,71,3722.0,12750.0,3.388888888888889
2014-06-04 18:07:39,0f94765c-b3ea-4400-9dbf-3f6aa534b94b,Running,1146.0,93,4820.0,16170.000000000002,3.327777777777778
2014-05-26 18:30:00,094db0ab-834e-41e2-89c5-162f88297e35,Running,684.0,51,3234.0,9550.0,2.952777777777778
2014-05-21 18:45:00,3ed219e7-77f6-4981-920b-b19d3246e26b,Running,893.0,71,3661.0,12750.0,3.4444444444444446
2014-05-19 18:15:00,0a3dbdc0-61ef-48f2-9493-f1bd09a77ca4,Running,895.0,71,3783.0,12750.0,3.3722222222222227
2014-05-17 07:50:00,faf85ff4-89f1-4f2d-bd73-0194b745deba,Running,470.0,36,2123.0,6560.0,3.088888888888889
2014-05-14 18:09:11,a9560e7b-7e4a-453c-a2ae-04752f26076b,Running,930.0,84,3905.0,13170.0,3.369444444444445
2014-05-12 18:06:22,07034064-71cd-449e-9e4e-04320cc46555,Running,906.0,69,3661.0,12630.0,3.430555555555556
2014-05-06 18:32:00,cbe17784-1222-446e-9101-86212817b116,Running,903.0,71,3905.0,12850.0,3.2611111111111115
2014-05-02 18:47:02,18a3a5a6-69e6-435f-8d5b-1e80640fa7b3,Running,537.0,127,2276.0,7080.0,3.111111111111111
2014-04-21 19:08:29,03b72419-2aeb-40ce-afb5-70f5ca298984,Running,908.0,71,3581.0,12750.0,3.5583333333333336
2014-04-16 18:22:23,ae983e43-fdbe-499c-bc11-67fa63fdc1fe,Running,1361.0,111,5735.0,19080.0,3.3444444444444446
2014-04-14 18:19:40,f32f311f-1a02-44c3-8bc8-efbcd2f33aef,Running,891.0,71,3844.0,12830.0,3.3111111111111113
2014-04-09 18:29:04,dd153376-3f4d-4b58-83d8-5e2a50773288,Running,1145.0,85,4881.0,16210.0,3.305555555555556
2014-04-07 18:28:42,9e71740b-bdeb-44d0-987f-12bf6d5a43b9,Running,901.0,73,3844.0,12570.0,3.263888888888889
2014-04-02 18:30:00,a189ac9e-f156-4e0a-9227-6c3c5907ae87,Running,895.0,69,3844.0,12470.0,3.2194444444444446
2014-04-02 18:18:43,2a58f421-94a3-4e02-a4af-cf5e1fc25c9c,Running,446.0,33,1920.0,6220.0,3.236111111111111
2014-03-24 18:56:12,1f2a8c46-872a-4edd-9055-95fcc0457be5,Running,455.0,36,2190.0,6320.0,2.8861111111111115
2014-03-20 18:49:11,54b15891-50ae-4885-a415-3924557d5e21,Running,684.0,51,3234.0,9550.0,2.952777777777778
2014-03-18 18:49:39,920faab9-c2bf-46c0-8180-8a7039d43e9d,Running,672.0,53,3440.0,9710.0,2.8194444444444446
2014-03-13 18:41:49,f9aa0165-eb95-414e-bde5-9b26aa006347,Running,613.0,48,3096.0,8620.0,2.783333333333333
2014-03-11 19:14:15,05a608e9-0ca9-4250-9a3c-2c8b3d8965d6,Running,455.0,34,2214.0,6350.0,2.8694444444444445
2014-03-04 18:45:09,7e0966e7-e843-4a6f-a0a7-4b323a69b526,Running,677.0,52,3214.0,9450.0,2.938888888888889
2014-02-28 18:34:12,031d04da-435b-4b17-a27f-233242290f13,Running,454.0,32,2162.0,6340.0,2.9333333333333336
2014-02-25 18:23:39,271e28ad-4f6f-4710-9973-07fb70ac4d42,Running,454.0,35,2169.0,6330.0,2.9194444444444447
2014-02-19 18:40:00,16aafe53-0259-43f3-a5b6-7c7ffea90e52,Running,458.0,34,2170.0,6380.0,2.938888888888889
2014-02-15 08:55:15,9d8d9396-b49a-439d-a31d-c300bcd7b621,Running,449.0,35,2074.0,6290.0,3.030555555555556
2014-02-13 18:08:01,e8c1276e-5ecd-4b6f-bc06-72bab7efcc29,Running,458.0,34,2280.0,6380.0,2.8000000000000003
2014-02-06 06:32:00,d2db35ca-1373-45d5-a1ef-a88d5aba63ad,Running,474.0,36,2543.0,6560.0,2.5805555555555553
2014-01-07 18:13:04,0bb7d5c0-9f1e-4c7c-9842-29ae605e3204,Running,774.0,56,3661.0,10810.0,2.9277777777777776
2014-01-02 09:45:05,e721a5b1-59ab-4e99-851c-cbc9eee2009f,Running,241.0,16,1090.0,3380.0,3.1
2013-12-31 08:32:35,e42c97c6-742c-4065-aad3-1c82477af7d0,Running,471.0,36,2162.0,6570.0,3.036111111111111
2013-12-23 18:59:00,806866ca-023b-4c68-98ff-17af1d765e2f,Running,676.0,52,3248.0,9500.0,2.925
2013-12-21 07:39:48,40fa8105-04cd-491a-a4f6-e32ed2849436,Running,454.0,33,2162.0,6340.0,2.9333333333333336
2013-12-19 18:58:42,9627ce3e-458a-4cb8-b3f0-64d6b71dee2e,Running,679.0,52,3186.0,9500.0,2.9805555555555556
2013-12-07 09:15:00,cb9e2c89-18ae-49b3-a028-d17748326a8c,Running,452.0,35,2099.0,6300.0,3.0000000000000004
2013-12-04 18:36:22,0a1d041d-9ea5-438a-a2df-dcac74a33116,Running,896.0,69,4210.0,12480.0,2.941666666666667
2013-11-30 09:06:01,07f223e5-b7d2-49b6-b6b1-94b816cef1ac,Running,451.0,35,2064.0,6330.0,3.0638888888888887
2013-11-20 18:18:12,40dd6d44-18d2-4f89-bc34-e1360590b89e,Running,840.0,63,3966.0,11730.0,2.930555555555556
2013-11-16 09:00:24,14e9f43f-6868-41dc-9c87-48b4206330fd,Running,424.0,21,1966.0,6150.0,3.1277777777777778
2013-11-07 19:00:59,0bf65ae6-1658-4bc2-9971-5dc20ac44eb0,Running,679.0,53,3007.0,9470.0,3.1472222222222226
2013-11-02 09:15:18,36627858-ea69-40e5-9ed5-689e38e980cd,Running,226.0,18,1103.0,3140.0,2.8472222222222223
2013-10-30 18:42:16,4d8f1e78-73bb-4cac-9ce7-6167fbca9da9,Running,413.0,32,1992.0,5810.0,2.913888888888889
2013-10-23 18:51:35,929e7c6a-ef2f-44d1-b4a9-d0159e5aa618,Running,453.0,35,2141.0,6300.0,2.941666666666667
2013-10-18 18:07:56,eb690f23-7d74-4d07-853f-58a8a3872f19,Running,897.0,74,4149.0,12530.0,2.9916666666666667
2013-10-15 18:28:14,9aef5085-2cab-4872-8797-85794667ba23,Running,616.0,45,2975.0,8570.0,2.8805555555555555
2013-10-12 09:36:00,2c71d785-7846-47f1-81f0-55ea80e6e22c,Running,455.0,35,2061.0,6360.0,3.0861111111111112
2013-10-10 18:08:08,178f39db-9acd-4833-b57c-851fb430e5d4,Running,669.0,52,3021.0,9340.0,3.088888888888889
2013-10-05 07:36:47,981fe91d-aa68-4bb8-8009-71e62dbe5d34,Running,455.0,35,2061.0,6360.0,3.0833333333333335
2013-09-30 18:50:38,f50f24f1-b79e-4bf3-8dfc-6b43d46f385f,Running,462.0,34,1961.0,6450.0,3.288888888888889
2013-09-02 19:10:44,42adb02c-8d84-43fc-9612-0a7e0b4256a5,Running,458.0,34,1943.0,6410.0,3.3000000000000003
2013-08-17 08:09:12,7f7de28d-ae25-47e7-b018-bb2e903d98b2,Running,449.0,30,1882.0,6450.0,3.4222222222222225
2013-08-14 18:17:00,fcd7295f-2a3d-4d55-bcf3-6916c9ecf699,Running,1121.0,88,5125.0,15610.0,3.027777777777778
2013-08-08 18:30:36,00f40213-297d-44f0-8311-a6254ac6fa4f,Running,891.0,61,3966.0,12470.0,3.1222222222222222
2013-08-04 08:27:54,7ed0a8cb-0253-4ee4-aa39-3e2c444121ce,Running,896.0,68,3966.0,12490.0,3.136111111111111
2013-07-30 18:49:22,e62b5ac5-e900-4c30-9f93-5f6a11da04f8,Running,893.0,67,3905.0,12470.0,3.163888888888889
2013-07-21 07:57:30,924ee968-8f2c-47d9-a005-dbc732966fab,Running,845.0,64,3600.0,11870.0,3.2611111111111115
2013-07-19 18:40:13,0547ce8b-c7c8-40b6-bb71-feff6298c5be,Running,40.0,6,513.0,1720.0,3.352777777777778
2013-07-18 07:47:00,1eb83982-20b9-494a-954c-ed4152f01273,Running,416.0,30,1956.0,6150.0,3.1472222222222226
2013-07-07 08:43:13,f85d8da1-0d59-4b30-bc5a-fce86874b167,Running,281.0,56,1296.0,3750.0,2.891666666666667
2013-07-06 07:15:00,8de39009-9e2e-44ce-ad83-eb129f896e61,Running,280.0,55,1272.0,3750.0,2.9472222222222224
2013-07-05 08:01:00,a1f6c8f6-f85f-454e-8c2a-6946404f9d2a,Running,280.0,55,1270.0,3750.0,2.952777777777778
2013-07-03 07:20:00,e4d4f094-e32e-4518-8119-742667e662c4,Running,281.0,55,1315.0,3750.0,2.85
2013-07-02 07:43:00,0e41b390-7317-4d7f-9e0e-b1db01825f31,Running,281.0,55,1300.0,3750.0,2.8833333333333337
2013-07-01 07:09:00,fbd264b0-ca3a-4af0-97a8-36ef4fd84db7,Running,262.0,0,1270.0,3750.0,2.952777777777778
2013-06-26 18:19:00,64178ec8-556d-4d95-a2b3-249441e33199,Running,1101.0,0,3966.0,16000.0,3.9916666666666667
2013-06-22 08:05:20,3dbd78e7-44eb-4dd9-9bc6-f2c94ff1acc9,Running,446.0,35,1945.0,6230.0,3.2
2013-06-15 08:44:27,6ada32e6-e73f-44a2-a4d5-bf6fd194986e,Running,417.0,36,1793.0,6370.0,3.5527777777777776
2013-06-12 18:21:40,d5ce4d6e-3607-4eab-bae6-35beb7c2f4da,Running,963.0,77,4149.0,16590.0,3.977777777777778
2013-06-08 07:45:08,b144b295-a4a7-4065-b9f1-0cf24dcf378e,Running,455.0,36,2031.0,6350.0,3.1222222222222222
2013-06-01 07:24:07,45431395-0b88-4709-9477-22ddc6333f71,Running,898.0,67,3966.0,12570.0,3.1472222222222226
2013-05-28 07:16:32,8f49ef93-f404-4abe-9925-adf9cd7a330e,Running,361.0,30,1457.0,6500.0,4.458333333333334
2013-05-21 18:45:38,ff3611e3-eb35-4a44-bafa-4a8696fcf8aa,Running,833.0,63,3600.0,11630.0,3.2
2013-05-11 08:06:42,4c1d24a6-fd63-46b3-8379-16fc55a506a9,Running,420.0,32,1898.0,6150.0,3.2416666666666667
2013-05-09 17:24:19,b22dfd09-a8df-4796-86e4-e4d00ca151f6,Cycling,339.0,88,2288.0,15470.0,6.758333333333333
2013-05-09 09:20:00,17f6a5bb-983c-4207-8cbe-9e3fc66e99fb,Running,430.0,0,2400.0,6530.0,2.719444444444444
2013-05-05 14:26:37,4370c545-ff6f-4829-967d-b0dbd0b54798,Cycling,498.0,97,3966.0,20300.0,5.086111111111111
2013-05-05 09:13:02,23fdde24-02f1-4e54-9e0a-f05db884dc5b,Running,454.0,34,2038.0,6410.0,3.1472222222222226
2013-05-04 08:47:51,1f942355-8c6a-4ef4-87fd-36a1e99f5a3f,Running,225.0,16,995.0,3150.0,3.1611111111111114
2013-05-02 08:36:30,0b4fc38b-5a1d-4b1f-887c-e643f5cb5624,Running,445.0,36,1971.0,6210.0,3.1472222222222226
2013-05-01 08:14:59,911ec4f7-a0ec-4385-971d-d5c63fba60de,Running,446.0,34,1949.0,6220.0,3.188888888888889
2013-04-28 17:26:52,ea228333-1dc2-4798-90e6-d4b7aa93545c,Cycling,341.0,133,2907.0,13870.0,4.769444444444445
2013-04-28 09:02:23,cec17320-57d8-411b-af44-10f6f769b89b,Running,224.0,17,996.0,3120.0,3.1333333333333333
2013-04-24 18:31:02,75670af6-0184-4f69-9df5-40020f998a66,Running,399.0,33,1769.0,6250.0,3.530555555555556
2013-04-17 19:27:15,3d9dd7e0-dbbe-4eaa-9419-66c80a795702,Running,452.0,37,1969.0,6480.0,3.288888888888889
2013-04-13 08:51:29,2c971ecf-efdd-4a3d-be67-ba249aa5557a,Running,454.0,33,1982.0,6340.0,3.1972222222222224
2013-03-20 18:49:59,4f96c2a3-06f9-4061-9691-ed17e73bc918,Running,490.0,0,2412.0,7040.0,2.916666666666667
2013-03-13 18:59:51,7b7594d4-8fd9-4dec-b8a8-ce1ac7cd0e6c,Running,461.0,35,2268.0,6410.0,2.825
2013-02-28 18:46:54,390a66d3-5bce-4af5-acdc-38d4ebf58963,Running,739.0,67,3722.0,10300.0,2.7416666666666667
2013-02-26 18:37:02,3c4a82e7-36bb-40cd-b5d4-0ab611b0987f,Running,683.0,52,3284.0,9530.0,2.9027777777777777
2013-02-22 19:23:38,df659987-77a5-4c7b-8633-74dbb15d3390,Running,454.0,35,2158.0,6320.0,2.930555555555556
2013-02-20 18:43:56,d55c811c-8a0e-4222-857c-58552d95ccc8,Running,687.0,52,3155.0,9590.0,3.0388888888888888
2013-02-15 18:46:00,e7fea3e7-d1c2-4852-bbc0-5b50b4d3dbaa,Running,655.0,51,3029.0,9480.0,3.1305555555555555
2013-02-06 18:58:31,c8aec0f4-aeb4-49e3-8196-2b42c40250e1,Running,103.0,9,534.0,3070.0,5.7555555555555555
2013-01-23 18:38:29,0ee9afe5-668e-4801-9fd3-6208ec87f2e6,Running,614.0,45,3013.0,8650.0,2.8722222222222222
2013-01-19 09:58:50,98321fac-a333-47d7-b568-1c609096a08f,Running,190.0,15,956.0,3390.0,3.541666666666667
2013-01-15 18:40:08,7c512661-6a01-4ef0-80dd-b8119d5f8a59,Running,398.0,32,1962.0,6720.0,3.427777777777778
2013-01-12 08:39:55,3a08d9a1-fc17-4002-80c1-419700be1e22,Running,201.0,13,1207.0,3090.0,2.5583333333333336
2013-01-02 18:35:11,57ff5696-7610-4296-903a-88c63c207603,Running,392.0,28,1884.0,5470.0,2.9
2012-12-22 08:29:13,d7cceab2-22af-4472-9dea-5380ebe7ecd4,Running,216.0,17,1124.0,3050.0,2.7111111111111112
2012-12-15 09:43:53,d29db938-2212-4ea2-9f5c-4ddc42a14510,Running,227.0,18,1208.0,3140.0,2.6
2012-12-08 08:37:38,f7eca580-962a-41b8-90ad-e7369b2f2dd7,Running,228.0,18,1130.0,3210.0,2.8361111111111117
2012-12-04 18:52:39,9da5a18d-925d-41d4-9468-c4a1e3b29185,Running,406.0,30,1925.0,6630.0,3.441666666666667
2012-12-01 08:21:18,b5f841a8-d2e1-47b2-adc5-14bf65172db3,Running,230.0,18,1087.0,3310.0,3.0472222222222225
2012-11-28 18:58:02,cca72ec6-e859-453e-b099-0425b5372062,Running,450.0,35,2249.0,6280.0,2.7888888888888888
2012-11-24 08:57:47,0cec5506-32bd-423c-b651-b76718eaba89,Running,186.0,15,847.0,2650.0,3.1305555555555555
2012-11-18 09:51:18,fc685fa0-d2b5-4984-b336-af3e578f456d,Running,228.0,18,1033.0,3180.0,3.0805555555555557
2012-11-10 08:37:49,6660d9fc-c010-4de8-8d42-8ec5857a2493,Running,205.0,16,1012.0,2850.0,2.816666666666667
2012-11-07 18:54:35,9a0c4163-980c-45a3-a553-1c48503b0cbc,Running,340.0,23,1636.0,4790.0,2.925
2012-10-23 18:43:56,1387c891-e974-4c9f-9e52-3d211fb12a68,Running,371.0,27,1766.0,5200.0,2.941666666666667
2012-10-20 08:37:33,e91aba7a-6bc5-418a-98f4-e6b23d80e7e5,Running,228.0,18,1168.0,3180.0,2.7222222222222223
2012-10-18 18:39:07,9beb9122-ddc7-4e0b-ac94-7c3064fcf669,Running,264.0,20,1157.0,3700.0,3.1972222222222224
2012-10-16 20:27:31,20e33458-ae07-4b47-92d8-5d565666216a,Running,69.0,9,797.0,1280.0,1.6027777777777776
2012-09-22 08:56:08,07b5c213-ee70-4499-ad44-fd8cfe3f2fb5,Running,225.0,18,986.0,3160.0,3.2
2012-09-15 08:05:15,94a6d776-4746-4fab-9923-e8d443888e9c,Running,223.0,18,1018.0,3110.0,3.0500000000000003
2012-09-08 08:35:02,730f5507-59cc-43e6-b696-387f0946c57e,Running,231.0,15,955.0,3270.0,3.4222222222222225
2012-09-04 19:12:17,9a6868f1-a41c-435e-9775-d7a803aa61ad,Running,455.0,34,1955.0,6260.0,3.202777777777778
2012-09-02 08:41:31,4a9e2e1b-3a98-4630-8a89-3632aea5559a,Running,230.0,18,976.0,3140.0,3.2111111111111112
